Date,GDP,Export,Import,Inflation,Variations Inflation (%),Interest rate on bank loans,Variations Interest rates on bank loans(%),Government Spending (% of GDP),HouseHold Taxes,Debt to Income Ratio (%),New mortgages ,Part of mortgage already paid,Mortgages (Million of Livre),Corporation tax Rate,Household Tax Rate,Deposits for households,Interest rates on government bonds,Housing wealth,Residential mortgage LTV ratio (%),Housing stock,Annual business investment (million livre),% growth,Private pension wealth (billion Livres),Total wealth (billion Livres),UK National debt en % de GDP,UK National debt en Livres,Nominal demand for GB (ICPF),Nominal demand for GB (Rest of the World ou Overseas),Nominal demand for GB (CB),Interest rates on deposits (%),UK government bonds issued by Central Government (in sterling millions),Interest rates Mortgages 3 years (%),Bank bond supply ,Government transfer to households,% of net disposable income,Annuities ,Bank Dividend (in sterling millions)
1995-01-01,111321666666.66667,27994833333.333332,27690166666.666668,2.7,21.62,-3.77,-192.86,47.4738,10.029,,,,1420.0,0.33,0.4,21042000000.0,,,,,,,,,39.55,44027719166.666664,11887484175.0,10126375408.333334,10126375408.333334,,,,3.6666666666666665,8794411666.666666,363.3984,,
1995-02-01,111321666666.66667,27994833333.333332,27690166666.666668,2.7,21.62,-3.77,-192.86,47.4738,10.029,,,,1460.0,0.33,0.4,21042000000.0,,,,,,,,,39.55,44027719166.666664,11887484175.0,10126375408.333334,10126375408.333334,,,,3.6666666666666665,8794411666.666666,363.3984,,
1995-03-01,111321666666.66667,27994833333.333332,27690166666.666668,2.7,21.62,-3.77,-192.86,47.4738,10.029,86.5,,-1517.0,1327.0,0.33,0.4,21042000000.0,,,,,,,,,39.55,44027719166.666664,11887484175.0,10126375408.333334,10126375408.333334,,,,3.6666666666666665,8794411666.666666,363.3984,,
1995-04-01,111321666666.66667,27994833333.333332,27690166666.666668,2.7,21.62,-3.77,-192.86,47.4738,10.029,,,,1353.0,0.33,0.4,21042000000.0,,,,,,,,,39.55,44027719166.666664,11887484175.0,10126375408.333334,10126375408.333334,,,,3.6666666666666665,8794411666.666666,363.3984,,
1995-05-01,111321666666.66667,27994833333.333332,27690166666.666668,2.7,21.62,-3.77,-192.86,47.4738,10.029,,,,1172.0,0.33,0.4,21042000000.0,,,,,,,,,39.55,44027719166.666664,11887484175.0,10126375408.333334,10126375408.333334,,,,3.6666666666666665,8794411666.666666,363.3984,,
1995-06-01,111321666666.66667,27994833333.333332,27690166666.666668,2.7,21.62,-3.77,-192.86,47.4738,10.029,86.2,,-1784.0,1166.0,0.33,0.4,21042000000.0,,,,,,,,,39.55,44027719166.666664,11887484175.0,10126375408.333334,10126375408.333334,,,,3.6666666666666665,8794411666.666666,363.3984,,
1995-07-01,111321666666.66667,27994833333.333332,27690166666.666668,2.7,21.62,-3.77,-192.86,47.4738,10.029,,,,950.0,0.33,0.4,21042000000.0,,,,,,,,,39.55,44027719166.666664,11887484175.0,10126375408.333334,10126375408.333334,,,,3.6666666666666665,8794411666.666666,363.3984,,
1995-08-01,111321666666.66667,27994833333.333332,27690166666.666668,2.7,21.62,-3.77,-192.86,47.4738,10.029,,,,915.0,0.33,0.4,21042000000.0,,,,,,,,,39.55,44027719166.666664,11887484175.0,10126375408.333334,10126375408.333334,,,,3.6666666666666665,8794411666.666666,363.3984,,
1995-09-01,111321666666.66667,27994833333.333332,27690166666.666668,2.7,21.62,-3.77,-192.86,47.4738,10.029,86.2,,-1765.0,1409.0,0.33,0.4,21042000000.0,,,,,,,,,39.55,44027719166.666664,11887484175.0,10126375408.333334,10126375408.333334,,,,3.6666666666666665,8794411666.666666,363.3984,,
1995-10-01,111321666666.66667,27994833333.333332,27690166666.666668,2.7,21.62,-3.77,-192.86,47.4738,10.029,,,,1012.0,0.33,0.4,21042000000.0,,,,,,,,,39.55,44027719166.666664,11887484175.0,10126375408.333334,10126375408.333334,,,,3.6666666666666665,8794411666.666666,363.3984,,
1995-11-01,111321666666.66667,27994833333.333332,27690166666.666668,2.7,21.62,-3.77,-192.86,47.4738,10.029,,,,1024.0,0.33,0.4,21042000000.0,,,,,,,,,39.55,44027719166.666664,11887484175.0,10126375408.333334,10126375408.333334,,,,3.6666666666666665,8794411666.666666,363.3984,,
1995-12-01,111321666666.66667,27994833333.333332,27690166666.666668,2.7,21.62,-3.77,-192.86,47.4738,10.029,85.7,,-2908.0,1226.0,0.33,0.4,21042000000.0,,,,,,,,,39.55,44027719166.666664,11887484175.0,10126375408.333334,10126375408.333334,,,,3.6666666666666665,8794411666.666666,363.3984,,
1996-01-01,117450833333.33333,30214916666.666668,30016666666.666668,2.85,5.56,1.8,-147.75,45.84251,10.28,,,,1359.0,0.33,0.4,22317583333.333332,,,,,,,,,41.2,48389743333.333336,13065230700.0,11129640966.666666,11129640966.666666,,,,9.583333333333334,9278615833.333334,367.8918,,
1996-02-01,117450833333.33333,30214916666.666668,30016666666.666668,2.85,5.56,1.8,-147.75,45.84251,10.28,,,,1260.5,0.33,0.4,22317583333.333332,,,,,,,,,41.2,48389743333.333336,13065230700.0,11129640966.666666,11129640966.666666,,,,9.583333333333334,9278615833.333334,367.8918,,
1996-03-01,117450833333.33333,30214916666.666668,30016666666.666668,2.85,5.56,1.8,-147.75,45.84251,10.28,84.8,,-1528.0,1426.0,0.33,0.4,22317583333.333332,,,,,,,,,41.2,48389743333.333336,13065230700.0,11129640966.666666,11129640966.666666,,,,9.583333333333334,9278615833.333334,367.8918,,
1996-04-01,117450833333.33333,30214916666.666668,30016666666.666668,2.85,5.56,1.8,-147.75,45.84251,10.28,,,,1243.0,0.33,0.4,22317583333.333332,,,,,,,,,41.2,48389743333.333336,13065230700.0,11129640966.666666,11129640966.666666,,,,9.583333333333334,9278615833.333334,367.8918,,
1996-05-01,117450833333.33333,30214916666.666668,30016666666.666668,2.85,5.56,1.8,-147.75,45.84251,10.28,,,,1445.0,0.33,0.4,22317583333.333332,,,,,,,,,41.2,48389743333.333336,13065230700.0,11129640966.666666,11129640966.666666,,,,9.583333333333334,9278615833.333334,367.8918,,
1996-06-01,117450833333.33333,30214916666.666668,30016666666.666668,2.85,5.56,1.8,-147.75,45.84251,10.28,84.6,,-1050.0,1633.0,0.33,0.4,22317583333.333332,,,,,,,,,41.2,48389743333.333336,13065230700.0,11129640966.666666,11129640966.666666,,,,9.583333333333334,9278615833.333334,367.8918,,
1996-07-01,117450833333.33333,30214916666.666668,30016666666.666668,2.85,5.56,1.8,-147.75,45.84251,10.28,,,,1249.0,0.33,0.4,22317583333.333332,,,,,,,,,41.2,48389743333.333336,13065230700.0,11129640966.666666,11129640966.666666,,,,9.583333333333334,9278615833.333334,367.8918,,
1996-08-01,117450833333.33333,30214916666.666668,30016666666.666668,2.85,5.56,1.8,-147.75,45.84251,10.28,,,,1425.0,0.33,0.4,22317583333.333332,,,,,,,,,41.2,48389743333.333336,13065230700.0,11129640966.666666,11129640966.666666,,,,9.583333333333334,9278615833.333334,367.8918,,
1996-09-01,117450833333.33333,30214916666.666668,30016666666.666668,2.85,5.56,1.8,-147.75,45.84251,10.28,84.4,,-1244.0,1661.0,0.33,0.4,22317583333.333332,,,,,,,,,41.2,48389743333.333336,13065230700.0,11129640966.666666,11129640966.666666,,,,9.583333333333334,9278615833.333334,367.8918,,
1996-10-01,117450833333.33333,30214916666.666668,30016666666.666668,2.85,5.56,1.8,-147.75,45.84251,10.28,,,,1797.0,0.33,0.4,22317583333.333332,,,,,,,,,41.2,48389743333.333336,13065230700.0,11129640966.666666,11129640966.666666,,,,9.583333333333334,9278615833.333334,367.8918,,
1996-11-01,117450833333.33333,30214916666.666668,30016666666.666668,2.85,5.56,1.8,-147.75,45.84251,10.28,,,,1884.0,0.33,0.4,22317583333.333332,,,,,,,,,41.2,48389743333.333336,13065230700.0,11129640966.666666,11129640966.666666,,,,9.583333333333334,9278615833.333334,367.8918,,
1996-12-01,117450833333.33333,30214916666.666668,30016666666.666668,2.85,5.56,1.8,-147.75,45.84251,10.28,84.2,,-1830.0,1944.0,0.33,0.4,22317583333.333332,,,,,,,,,41.2,48389743333.333336,13065230700.0,11129640966.666666,11129640966.666666,,,,9.583333333333334,9278615833.333334,367.8918,,
1997-01-01,129468333333.33333,32884166666.666668,32254250000.0,2.2,-22.81,5.81,222.78,44.074729999999995,10.425,,94.17,,1787.0,0.31,0.4,23939000000.0,,,,,11691.0,,,,41.41,53612836833.333336,14475465945.0,12330952471.666666,12330952471.666666,,,,15.583333333333334,10227998333.333334,389.5645,,
1997-02-01,129468333333.33333,32884166666.666668,32254250000.0,2.2,-22.81,5.81,222.78,44.074729999999995,10.425,,100.76,,1920.0,0.31,0.4,23939000000.0,,,,,11691.0,,,,41.41,53612836833.333336,14475465945.0,12330952471.666666,12330952471.666666,,,,15.583333333333334,10227998333.333334,389.5645,,
1997-03-01,129468333333.33333,32884166666.666668,32254250000.0,2.2,-22.81,5.81,222.78,44.074729999999995,10.425,84.7,90.23,-428.0,2110.0,0.31,0.4,23939000000.0,,,,,11691.0,,,,41.41,53612836833.333336,14475465945.0,12330952471.666666,12330952471.666666,,,,15.583333333333334,10227998333.333334,389.5645,,
1997-04-01,129468333333.33333,32884166666.666668,32254250000.0,2.2,-22.81,5.81,222.78,44.074729999999995,10.425,,85.08,,1613.0,0.31,0.4,23939000000.0,,,,,11691.0,,,,41.41,53612836833.333336,14475465945.0,12330952471.666666,12330952471.666666,,,,15.583333333333334,10227998333.333334,389.5645,,
1997-05-01,129468333333.33333,32884166666.666668,32254250000.0,2.2,-22.81,5.81,222.78,44.074729999999995,10.425,,67.84,,2017.0,0.31,0.4,23939000000.0,,,,,11691.0,,,,41.41,53612836833.333336,14475465945.0,12330952471.666666,12330952471.666666,,,,15.583333333333334,10227998333.333334,389.5645,,
1997-06-01,129468333333.33333,32884166666.666668,32254250000.0,2.2,-22.81,5.81,222.78,44.074729999999995,10.425,85.0,65.72,166.0,1974.0,0.31,0.4,23939000000.0,,,,,11691.0,,,,41.41,53612836833.333336,14475465945.0,12330952471.666666,12330952471.666666,,,,15.583333333333334,10227998333.333334,389.5645,,
1997-07-01,129468333333.33333,32884166666.666668,32254250000.0,2.2,-22.81,5.81,222.78,44.074729999999995,10.425,,62.93,,1605.0,0.31,0.4,23939000000.0,,,,,11691.0,,,,41.41,53612836833.333336,14475465945.0,12330952471.666666,12330952471.666666,,,,15.583333333333334,10227998333.333334,389.5645,,
1997-08-01,129468333333.33333,32884166666.666668,32254250000.0,2.2,-22.81,5.81,222.78,44.074729999999995,10.425,,57.57,,1901.0,0.31,0.4,23939000000.0,,,,,11691.0,,,,41.41,53612836833.333336,14475465945.0,12330952471.666666,12330952471.666666,,,,15.583333333333334,10227998333.333334,389.5645,,
1997-09-01,129468333333.33333,32884166666.666668,32254250000.0,2.2,-22.81,5.81,222.78,44.074729999999995,10.425,85.3,65.29,432.0,1924.0,0.31,0.4,23939000000.0,,,,,11691.0,,,,41.41,53612836833.333336,14475465945.0,12330952471.666666,12330952471.666666,,,,15.583333333333334,10227998333.333334,389.5645,,
1997-10-01,129468333333.33333,32884166666.666668,32254250000.0,2.2,-22.81,5.81,222.78,44.074729999999995,10.425,,67.17,,1823.0,0.31,0.4,23939000000.0,,,,,11691.0,,,,41.41,53612836833.333336,14475465945.0,12330952471.666666,12330952471.666666,,,,15.583333333333334,10227998333.333334,389.5645,,
1997-11-01,129468333333.33333,32884166666.666668,32254250000.0,2.2,-22.81,5.81,222.78,44.074729999999995,10.425,,48.14,,1844.0,0.31,0.4,23939000000.0,,,,,11691.0,,,,41.41,53612836833.333336,14475465945.0,12330952471.666666,12330952471.666666,,,,15.583333333333334,10227998333.333334,389.5645,,
1997-12-01,129468333333.33333,32884166666.666668,32254250000.0,2.2,-22.81,5.81,222.78,44.074729999999995,10.425,85.3,67.19,-1237.0,1822.0,0.31,0.4,23939000000.0,,,,,11691.0,,,,41.41,53612836833.333336,14475465945.0,12330952471.666666,12330952471.666666,,,,15.583333333333334,10227998333.333334,389.5645,,
1998-01-01,136805833333.33333,32582916666.666668,33518666666.666668,1.82,-17.27,6.09,4.82,42.9343,10.445,,79.64,,1927.0,0.31,0.4,24609833333.333332,,,,,12727.833333333334,8.9,,,40.79,55803099416.666664,15066836842.5,12834712865.833334,12834712865.833334,,,,28.5,10807660833.333334,446.0402,,553.8333333333334
1998-02-01,136805833333.33333,32582916666.666668,33518666666.666668,1.82,-17.27,6.09,4.82,42.9343,10.445,,83.05,,1926.0,0.31,0.4,24609833333.333332,,,,,12727.833333333334,8.9,,,40.79,55803099416.666664,15066836842.5,12834712865.833334,12834712865.833334,,,,28.5,10807660833.333334,446.0402,,553.8333333333334
1998-03-01,136805833333.33333,32582916666.666668,33518666666.666668,1.82,-17.27,6.09,4.82,42.9343,10.445,86.2,78.38,-925.0,1803.0,0.31,0.4,24609833333.333332,,,,,12727.833333333334,8.9,,,40.79,55803099416.666664,15066836842.5,12834712865.833334,12834712865.833334,,,,28.5,10807660833.333334,446.0402,,553.8333333333334
1998-04-01,136805833333.33333,32582916666.666668,33518666666.666668,1.82,-17.27,6.09,4.82,42.9343,10.445,,84.1,,1945.0,0.31,0.4,24609833333.333332,,,,,12727.833333333334,8.9,,,40.79,55803099416.666664,15066836842.5,12834712865.833334,12834712865.833334,,,,28.5,10807660833.333334,446.0402,,553.8333333333334
1998-05-01,136805833333.33333,32582916666.666668,33518666666.666668,1.82,-17.27,6.09,4.82,42.9343,10.445,,86.36,,1954.0,0.31,0.4,24609833333.333332,,,,,12727.833333333334,8.9,,,40.79,55803099416.666664,15066836842.5,12834712865.833334,12834712865.833334,,,,28.5,10807660833.333334,446.0402,,553.8333333333334
1998-06-01,136805833333.33333,32582916666.666668,33518666666.666668,1.82,-17.27,6.09,4.82,42.9343,10.445,87.2,58.13,339.0,2051.0,0.31,0.4,24609833333.333332,,,,,12727.833333333334,8.9,,,40.79,55803099416.666664,15066836842.5,12834712865.833334,12834712865.833334,,,,28.5,10807660833.333334,446.0402,,553.8333333333334
1998-07-01,136805833333.33333,32582916666.666668,33518666666.666668,1.82,-17.27,6.09,4.82,42.9343,10.445,,65.82,,2287.0,0.31,0.4,24609833333.333332,,,,,12727.833333333334,8.9,,,40.79,55803099416.666664,15066836842.5,12834712865.833334,12834712865.833334,,,,28.5,10807660833.333334,446.0402,,553.8333333333334
1998-08-01,136805833333.33333,32582916666.666668,33518666666.666668,1.82,-17.27,6.09,4.82,42.9343,10.445,,90.28,,2032.0,0.31,0.4,24609833333.333332,,,,,12727.833333333334,8.9,,,40.79,55803099416.666664,15066836842.5,12834712865.833334,12834712865.833334,,,,28.5,10807660833.333334,446.0402,,553.8333333333334
1998-09-01,136805833333.33333,32582916666.666668,33518666666.666668,1.82,-17.27,6.09,4.82,42.9343,10.445,88.6,114.44,1445.0,1984.0,0.31,0.4,24609833333.333332,,,,,12727.833333333334,8.9,,,40.79,55803099416.666664,15066836842.5,12834712865.833334,12834712865.833334,,,,28.5,10807660833.333334,446.0402,,553.8333333333334
1998-10-01,136805833333.33333,32582916666.666668,33518666666.666668,1.82,-17.27,6.09,4.82,42.9343,10.445,,131.83,,2020.0,0.31,0.4,24609833333.333332,,,,,12727.833333333334,8.9,,,40.79,55803099416.666664,15066836842.5,12834712865.833334,12834712865.833334,,,,28.5,10807660833.333334,446.0402,,553.8333333333334
1998-11-01,136805833333.33333,32582916666.666668,33518666666.666668,1.82,-17.27,6.09,4.82,42.9343,10.445,,140.35,,1970.0,0.31,0.4,24609833333.333332,,,,,12727.833333333334,8.9,,,40.79,55803099416.666664,15066836842.5,12834712865.833334,12834712865.833334,,,,28.5,10807660833.333334,446.0402,,553.8333333333334
1998-12-01,136805833333.33333,32582916666.666668,33518666666.666668,1.82,-17.27,6.09,4.82,42.9343,10.445,89.1,140.0,-269.0,2144.0,0.31,0.4,24609833333.333332,,,,,12727.833333333334,8.9,,,40.79,55803099416.666664,15066836842.5,12834712865.833334,12834712865.833334,,,,28.5,10807660833.333334,446.0402,,553.8333333333334
1999-01-01,139022500000.0,32932750000.0,34932166666.666664,1.75,-3.85,4.52,-25.78,41.70743,10.845999999999998,,121.28,,2267.0,0.3,0.4,23203250000.0,,,,,12855.833333333334,1.0,,,38.52,53551467000.0,14458896090.0,12316837410.0,12316837410.0,,,,14.666666666666666,10982777500.0,456.3518,,9.333333333333334
1999-02-01,139022500000.0,32932750000.0,34932166666.666664,1.75,-3.85,4.52,-25.78,41.70743,10.845999999999998,,128.75,,2280.0,0.3,0.4,23203250000.0,,,,,12855.833333333334,1.0,,,38.52,53551467000.0,14458896090.0,12316837410.0,12316837410.0,,,,14.666666666666666,10982777500.0,456.3518,,9.333333333333334
1999-03-01,139022500000.0,32932750000.0,34932166666.666664,1.75,-3.85,4.52,-25.78,41.70743,10.845999999999998,89.6,101.2,168.0,3105.0,0.3,0.4,23203250000.0,,,,,12855.833333333334,1.0,,,38.52,53551467000.0,14458896090.0,12316837410.0,12316837410.0,,,,14.666666666666666,10982777500.0,456.3518,,9.333333333333334
1999-04-01,139022500000.0,32932750000.0,34932166666.666664,1.75,-3.85,4.52,-25.78,41.70743,10.845999999999998,,109.84,,3007.0,0.3,0.4,23203250000.0,,,,,12855.833333333334,1.0,,,38.52,53551467000.0,14458896090.0,12316837410.0,12316837410.0,,,,14.666666666666666,10982777500.0,456.3518,,9.333333333333334
1999-05-01,139022500000.0,32932750000.0,34932166666.666664,1.75,-3.85,4.52,-25.78,41.70743,10.845999999999998,,96.92,,2861.0,0.3,0.4,23203250000.0,,,,,12855.833333333334,1.0,,,38.52,53551467000.0,14458896090.0,12316837410.0,12316837410.0,,,,14.666666666666666,10982777500.0,456.3518,,9.333333333333334
1999-06-01,139022500000.0,32932750000.0,34932166666.666664,1.75,-3.85,4.52,-25.78,41.70743,10.845999999999998,90.2,92.03,2914.0,2908.0,0.3,0.4,23203250000.0,,,,,12855.833333333334,1.0,,,38.52,53551467000.0,14458896090.0,12316837410.0,12316837410.0,,,,14.666666666666666,10982777500.0,456.3518,,9.333333333333334
1999-07-01,139022500000.0,32932750000.0,34932166666.666664,1.75,-3.85,4.52,-25.78,41.70743,10.845999999999998,,91.99,,3334.0,0.3,0.4,23203250000.0,,,,,12855.833333333334,1.0,,,38.52,53551467000.0,14458896090.0,12316837410.0,12316837410.0,,,,14.666666666666666,10982777500.0,456.3518,,9.333333333333334
1999-08-01,139022500000.0,32932750000.0,34932166666.666664,1.75,-3.85,4.52,-25.78,41.70743,10.845999999999998,,93.45,,3067.0,0.3,0.4,23203250000.0,,,,,12855.833333333334,1.0,,,38.52,53551467000.0,14458896090.0,12316837410.0,12316837410.0,,,,14.666666666666666,10982777500.0,456.3518,,9.333333333333334
1999-09-01,139022500000.0,32932750000.0,34932166666.666664,1.75,-3.85,4.52,-25.78,41.70743,10.845999999999998,91.4,64.6,4324.0,3328.0,0.3,0.4,23203250000.0,,,,,12855.833333333334,1.0,,,38.52,53551467000.0,14458896090.0,12316837410.0,12316837410.0,,,,14.666666666666666,10982777500.0,456.3518,,9.333333333333334
1999-10-01,139022500000.0,32932750000.0,34932166666.666664,1.75,-3.85,4.52,-25.78,41.70743,10.845999999999998,,74.53,,3730.0,0.3,0.4,23203250000.0,,,,,12855.833333333334,1.0,,,38.52,53551467000.0,14458896090.0,12316837410.0,12316837410.0,,,,14.666666666666666,10982777500.0,456.3518,,9.333333333333334
1999-11-01,139022500000.0,32932750000.0,34932166666.666664,1.75,-3.85,4.52,-25.78,41.70743,10.845999999999998,,69.26,,3022.0,0.3,0.4,23203250000.0,,,,,12855.833333333334,1.0,,,38.52,53551467000.0,14458896090.0,12316837410.0,12316837410.0,,,,14.666666666666666,10982777500.0,456.3518,,9.333333333333334
1999-12-01,139022500000.0,32932750000.0,34932166666.666664,1.75,-3.85,4.52,-25.78,41.70743,10.845999999999998,92.0,81.56,2382.0,3193.0,0.3,0.4,23203250000.0,,,,,12855.833333333334,1.0,,,38.52,53551467000.0,14458896090.0,12316837410.0,12316837410.0,,,,14.666666666666666,10982777500.0,456.3518,,9.333333333333334
2000-01-01,137355833333.33333,34217333333.333332,36830333333.333336,1.18,-32.57,3.77,-16.59,39.4775,11.469000000000001,,71.1,,3261.0,0.3,0.4,22940833333.333332,,,,,13272.25,3.2,,,35.78,49145917166.666664,13269397635.0,11303560948.333334,11303560948.333334,,,,14.666666666666666,10851110833.333334,443.1036,,1194.5833333333333
2000-02-01,137355833333.33333,34217333333.333332,36830333333.333336,1.18,-32.57,3.77,-16.59,39.4775,11.469000000000001,,70.23,,2922.0,0.3,0.4,22940833333.333332,,,,,13272.25,3.2,,,35.78,49145917166.666664,13269397635.0,11303560948.333334,11303560948.333334,,,,14.666666666666666,10851110833.333334,443.1036,,1194.5833333333333
2000-03-01,137355833333.33333,34217333333.333332,36830333333.333336,1.18,-32.57,3.77,-16.59,39.4775,11.469000000000001,92.0,71.87,790.0,3632.0,0.3,0.4,22940833333.333332,,,,,13272.25,3.2,,,35.78,49145917166.666664,13269397635.0,11303560948.333334,11303560948.333334,,,,14.666666666666666,10851110833.333334,443.1036,,1194.5833333333333
2000-04-01,137355833333.33333,34217333333.333332,36830333333.333336,1.18,-32.57,3.77,-16.59,39.4775,11.469000000000001,,71.9,,3263.0,0.3,0.4,22940833333.333332,,,,,13272.25,3.2,,,35.78,49145917166.666664,13269397635.0,11303560948.333334,11303560948.333334,,,,14.666666666666666,10851110833.333334,443.1036,,1194.5833333333333
2000-05-01,137355833333.33333,34217333333.333332,36830333333.333336,1.18,-32.57,3.77,-16.59,39.4775,11.469000000000001,,74.0,,3224.0,0.3,0.4,22940833333.333332,,,,,13272.25,3.2,,,35.78,49145917166.666664,13269397635.0,11303560948.333334,11303560948.333334,,,,14.666666666666666,10851110833.333334,443.1036,,1194.5833333333333
2000-06-01,137355833333.33333,34217333333.333332,36830333333.333336,1.18,-32.57,3.77,-16.59,39.4775,11.469000000000001,92.9,88.32,3264.0,3714.0,0.3,0.4,22940833333.333332,,,,,13272.25,3.2,,,35.78,49145917166.666664,13269397635.0,11303560948.333334,11303560948.333334,,,,14.666666666666666,10851110833.333334,443.1036,,1194.5833333333333
2000-07-01,137355833333.33333,34217333333.333332,36830333333.333336,1.18,-32.57,3.77,-16.59,39.4775,11.469000000000001,,86.97,,2772.0,0.3,0.4,22940833333.333332,,,,,13272.25,3.2,,,35.78,49145917166.666664,13269397635.0,11303560948.333334,11303560948.333334,,,,14.666666666666666,10851110833.333334,443.1036,,1194.5833333333333
2000-08-01,137355833333.33333,34217333333.333332,36830333333.333336,1.18,-32.57,3.77,-16.59,39.4775,11.469000000000001,,85.6,,3177.0,0.3,0.4,22940833333.333332,,,,,13272.25,3.2,,,35.78,49145917166.666664,13269397635.0,11303560948.333334,11303560948.333334,,,,14.666666666666666,10851110833.333334,443.1036,,1194.5833333333333
2000-09-01,137355833333.33333,34217333333.333332,36830333333.333336,1.18,-32.57,3.77,-16.59,39.4775,11.469000000000001,93.2,84.63,3254.0,2926.0,0.3,0.4,22940833333.333332,,,,,13272.25,3.2,,,35.78,49145917166.666664,13269397635.0,11303560948.333334,11303560948.333334,,,,14.666666666666666,10851110833.333334,443.1036,,1194.5833333333333
2000-10-01,137355833333.33333,34217333333.333332,36830333333.333336,1.18,-32.57,3.77,-16.59,39.4775,11.469000000000001,,76.23,,3008.0,0.3,0.4,22940833333.333332,,,,,13272.25,3.2,,,35.78,49145917166.666664,13269397635.0,11303560948.333334,11303560948.333334,,,,14.666666666666666,10851110833.333334,443.1036,,1194.5833333333333
2000-11-01,137355833333.33333,34217333333.333332,36830333333.333336,1.18,-32.57,3.77,-16.59,39.4775,11.469000000000001,,83.54,,3325.0,0.3,0.4,22940833333.333332,,,,,13272.25,3.2,,,35.78,49145917166.666664,13269397635.0,11303560948.333334,11303560948.333334,,,,14.666666666666666,10851110833.333334,443.1036,,1194.5833333333333
2000-12-01,137355833333.33333,34217333333.333332,36830333333.333336,1.18,-32.57,3.77,-16.59,39.4775,11.469000000000001,93.5,89.79,1991.0,3620.0,0.3,0.4,22940833333.333332,,,,,13272.25,3.2,,,35.78,49145917166.666664,13269397635.0,11303560948.333334,11303560948.333334,,,,14.666666666666666,10851110833.333334,443.1036,,1194.5833333333333
2001-01-01,135483333333.33333,33413916666.666668,36667250000.0,1.53,29.66,4.27,13.26,42.49218,11.481,,89.42,,3676.0,0.3,0.4,21389833333.333332,,,,,12395.416666666666,-6.6,,,31.0,41999833333.333336,11339955000.0,9659961666.666666,9659961666.666666,,,,27.916666666666668,10703183333.333334,415.4774,,841.0
2001-02-01,135483333333.33333,33413916666.666668,36667250000.0,1.53,29.66,4.27,13.26,42.49218,11.481,,81.89,,3702.0,0.3,0.4,21389833333.333332,,,,,12395.416666666666,-6.6,,,31.0,41999833333.333336,11339955000.0,9659961666.666666,9659961666.666666,,,,27.916666666666668,10703183333.333334,415.4774,,841.0
2001-03-01,135483333333.33333,33413916666.666668,36667250000.0,1.53,29.66,4.27,13.26,42.49218,11.481,93.9,89.13,2082.0,3833.0,0.3,0.4,21389833333.333332,,,,,12395.416666666666,-6.6,,,31.0,41999833333.333336,11339955000.0,9659961666.666666,9659961666.666666,,,,27.916666666666668,10703183333.333334,415.4774,,841.0
2001-04-01,135483333333.33333,33413916666.666668,36667250000.0,1.53,29.66,4.27,13.26,42.49218,11.481,,87.5,,4042.0,0.3,0.4,21389833333.333332,,,,,12395.416666666666,-6.6,,,31.0,41999833333.333336,11339955000.0,9659961666.666666,9659961666.666666,,,,27.916666666666668,10703183333.333334,415.4774,,841.0
2001-05-01,135483333333.33333,33413916666.666668,36667250000.0,1.53,29.66,4.27,13.26,42.49218,11.481,,81.31,,4808.0,0.3,0.4,21389833333.333332,,,,,12395.416666666666,-6.6,,,31.0,41999833333.333336,11339955000.0,9659961666.666666,9659961666.666666,,,,27.916666666666668,10703183333.333334,415.4774,,841.0
2001-06-01,135483333333.33333,33413916666.666668,36667250000.0,1.53,29.66,4.27,13.26,42.49218,11.481,95.5,80.36,5676.0,4267.0,0.3,0.4,21389833333.333332,,,,,12395.416666666666,-6.6,,,31.0,41999833333.333336,11339955000.0,9659961666.666666,9659961666.666666,,,,27.916666666666668,10703183333.333334,415.4774,,841.0
2001-07-01,135483333333.33333,33413916666.666668,36667250000.0,1.53,29.66,4.27,13.26,42.49218,11.481,,87.52,,4560.0,0.3,0.4,21389833333.333332,,,,,12395.416666666666,-6.6,,,31.0,41999833333.333336,11339955000.0,9659961666.666666,9659961666.666666,,,,27.916666666666668,10703183333.333334,415.4774,,841.0
2001-08-01,135483333333.33333,33413916666.666668,36667250000.0,1.53,29.66,4.27,13.26,42.49218,11.481,,85.01,,4915.0,0.3,0.4,21389833333.333332,,,,,12395.416666666666,-6.6,,,31.0,41999833333.333336,11339955000.0,9659961666.666666,9659961666.666666,,,,27.916666666666668,10703183333.333334,415.4774,,841.0
2001-09-01,135483333333.33333,33413916666.666668,36667250000.0,1.53,29.66,4.27,13.26,42.49218,11.481,97.6,80.31,7266.0,4356.0,0.3,0.4,21389833333.333332,,,,,12395.416666666666,-6.6,,,31.0,41999833333.333336,11339955000.0,9659961666.666666,9659961666.666666,,,,27.916666666666668,10703183333.333334,415.4774,,841.0
2001-10-01,135483333333.33333,33413916666.666668,36667250000.0,1.53,29.66,4.27,13.26,42.49218,11.481,,88.55,,4546.0,0.3,0.4,21389833333.333332,,,,,12395.416666666666,-6.6,,,31.0,41999833333.333336,11339955000.0,9659961666.666666,9659961666.666666,,,,27.916666666666668,10703183333.333334,415.4774,,841.0
2001-11-01,135483333333.33333,33413916666.666668,36667250000.0,1.53,29.66,4.27,13.26,42.49218,11.481,,85.01,,4730.0,0.3,0.4,21389833333.333332,,,,,12395.416666666666,-6.6,,,31.0,41999833333.333336,11339955000.0,9659961666.666666,9659961666.666666,,,,27.916666666666668,10703183333.333334,415.4774,,841.0
2001-12-01,135483333333.33333,33413916666.666668,36667250000.0,1.53,29.66,4.27,13.26,42.49218,11.481,99.7,88.43,5403.0,4783.0,0.3,0.4,21389833333.333332,,,,,12395.416666666666,-6.6,,,31.0,41999833333.333336,11339955000.0,9659961666.666666,9659961666.666666,,,,27.916666666666668,10703183333.333334,415.4774,,841.0
2002-01-01,147751666666.66666,35053333333.333336,39210750000.0,1.52,-0.65,1.78,-58.31,43.0978,11.963,,81.87,,4976.0,0.3,0.4,22518500000.0,,,,,12301.333333333334,-0.8,,,30.05,44399375833.333336,11987831475.0,10211856441.666666,10211856441.666666,,,,40.0,11672381666.666666,396.23900000000003,,1121.0
2002-02-01,147751666666.66666,35053333333.333336,39210750000.0,1.52,-0.65,1.78,-58.31,43.0978,11.963,,86.34,,5319.0,0.3,0.4,22518500000.0,,,,,12301.333333333334,-0.8,,,30.05,44399375833.333336,11987831475.0,10211856441.666666,10211856441.666666,,,,40.0,11672381666.666666,396.23900000000003,,1121.0
2002-03-01,147751666666.66666,35053333333.333336,39210750000.0,1.52,-0.65,1.78,-58.31,43.0978,11.963,101.8,84.79,5649.0,5674.0,0.3,0.4,22518500000.0,,,,,12301.333333333334,-0.8,,,30.05,44399375833.333336,11987831475.0,10211856441.666666,10211856441.666666,,,,40.0,11672381666.666666,396.23900000000003,,1121.0
2002-04-01,147751666666.66666,35053333333.333336,39210750000.0,1.52,-0.65,1.78,-58.31,43.0978,11.963,,88.56,,5819.0,0.3,0.4,22518500000.0,,,,,12301.333333333334,-0.8,,,30.05,44399375833.333336,11987831475.0,10211856441.666666,10211856441.666666,,,,40.0,11672381666.666666,396.23900000000003,,1121.0
2002-05-01,147751666666.66666,35053333333.333336,39210750000.0,1.52,-0.65,1.78,-58.31,43.0978,11.963,,92.18,,6414.0,0.3,0.4,22518500000.0,,,,,12301.333333333334,-0.8,,,30.05,44399375833.333336,11987831475.0,10211856441.666666,10211856441.666666,,,,40.0,11672381666.666666,396.23900000000003,,1121.0
2002-06-01,147751666666.66666,35053333333.333336,39210750000.0,1.52,-0.65,1.78,-58.31,43.0978,11.963,103.9,92.71,10004.0,6411.0,0.3,0.4,22518500000.0,,,,,12301.333333333334,-0.8,,,30.05,44399375833.333336,11987831475.0,10211856441.666666,10211856441.666666,,,,40.0,11672381666.666666,396.23900000000003,,1121.0
2002-07-01,147751666666.66666,35053333333.333336,39210750000.0,1.52,-0.65,1.78,-58.31,43.0978,11.963,,96.62,,6195.0,0.3,0.4,22518500000.0,,,,,12301.333333333334,-0.8,,,30.05,44399375833.333336,11987831475.0,10211856441.666666,10211856441.666666,,,,40.0,11672381666.666666,396.23900000000003,,1121.0
2002-08-01,147751666666.66666,35053333333.333336,39210750000.0,1.52,-0.65,1.78,-58.31,43.0978,11.963,,87.25,,6777.0,0.3,0.4,22518500000.0,,,,,12301.333333333334,-0.8,,,30.05,44399375833.333336,11987831475.0,10211856441.666666,10211856441.666666,,,,40.0,11672381666.666666,396.23900000000003,,1121.0
2002-09-01,147751666666.66666,35053333333.333336,39210750000.0,1.52,-0.65,1.78,-58.31,43.0978,11.963,107.0,94.29,12051.0,6895.0,0.3,0.4,22518500000.0,,,,,12301.333333333334,-0.8,,,30.05,44399375833.333336,11987831475.0,10211856441.666666,10211856441.666666,,,,40.0,11672381666.666666,396.23900000000003,,1121.0
2002-10-01,147751666666.66666,35053333333.333336,39210750000.0,1.52,-0.65,1.78,-58.31,43.0978,11.963,,94.74,,7721.0,0.3,0.4,22518500000.0,,,,,12301.333333333334,-0.8,,,30.05,44399375833.333336,11987831475.0,10211856441.666666,10211856441.666666,,,,40.0,11672381666.666666,396.23900000000003,,1121.0
2002-11-01,147751666666.66666,35053333333.333336,39210750000.0,1.52,-0.65,1.78,-58.31,43.0978,11.963,,91.57,,7255.0,0.3,0.4,22518500000.0,,,,,12301.333333333334,-0.8,,,30.05,44399375833.333336,11987831475.0,10211856441.666666,10211856441.666666,,,,40.0,11672381666.666666,396.23900000000003,,1121.0
2002-12-01,147751666666.66666,35053333333.333336,39210750000.0,1.52,-0.65,1.78,-58.31,43.0978,11.963,109.0,97.71,11348.0,7356.0,0.3,0.4,22518500000.0,,,,,12301.333333333334,-0.8,,,30.05,44399375833.333336,11987831475.0,10211856441.666666,10211856441.666666,,,,40.0,11672381666.666666,396.23900000000003,,1121.0
2003-01-01,170319166666.66666,39993500000.0,44068666666.666664,1.38,-9.21,1.26,-29.21,44.10147,11.892000000000001,,97.91,,7697.0,0.3,0.4,25999083333.333332,,,,,11954.666666666666,-2.8,,,31.26,53241771500.0,14375278305.0,12245607445.0,12245607445.0,,,,28.666666666666668,13455214166.666666,402.2447,,1431.1666666666667
2003-02-01,170319166666.66666,39993500000.0,44068666666.666664,1.38,-9.21,1.26,-29.21,44.10147,11.892000000000001,,94.77,,7243.0,0.3,0.4,25999083333.333332,,,,,11954.666666666666,-2.8,,,31.26,53241771500.0,14375278305.0,12245607445.0,12245607445.0,,,,28.666666666666668,13455214166.666666,402.2447,,1431.1666666666667
2003-03-01,170319166666.66666,39993500000.0,44068666666.666664,1.38,-9.21,1.26,-29.21,44.10147,11.892000000000001,110.7,97.99,10573.0,7433.0,0.3,0.4,25999083333.333332,,,,,11954.666666666666,-2.8,,,31.26,53241771500.0,14375278305.0,12245607445.0,12245607445.0,,,,28.666666666666668,13455214166.666666,402.2447,,1431.1666666666667
2003-04-01,170319166666.66666,39993500000.0,44068666666.666664,1.38,-9.21,1.26,-29.21,44.10147,11.892000000000001,,93.2,,7349.0,0.3,0.4,25999083333.333332,,,,,11954.666666666666,-2.8,,,31.26,53241771500.0,14375278305.0,12245607445.0,12245607445.0,,,,28.666666666666668,13455214166.666666,402.2447,,1431.1666666666667
2003-05-01,170319166666.66666,39993500000.0,44068666666.666664,1.38,-9.21,1.26,-29.21,44.10147,11.892000000000001,,85.68,,7507.0,0.3,0.4,25999083333.333332,,,,,11954.666666666666,-2.8,,,31.26,53241771500.0,14375278305.0,12245607445.0,12245607445.0,,,,28.666666666666668,13455214166.666666,402.2447,,1431.1666666666667
2003-06-01,170319166666.66666,39993500000.0,44068666666.666664,1.38,-9.21,1.26,-29.21,44.10147,11.892000000000001,113.7,83.65,13322.0,7712.0,0.3,0.4,25999083333.333332,,,,,11954.666666666666,-2.8,,,31.26,53241771500.0,14375278305.0,12245607445.0,12245607445.0,,,,28.666666666666668,13455214166.666666,402.2447,,1431.1666666666667
2003-07-01,170319166666.66666,39993500000.0,44068666666.666664,1.38,-9.21,1.26,-29.21,44.10147,11.892000000000001,,78.43,,8467.0,0.3,0.4,25999083333.333332,,,,,11954.666666666666,-2.8,,,31.26,53241771500.0,14375278305.0,12245607445.0,12245607445.0,,,,28.666666666666668,13455214166.666666,402.2447,,1431.1666666666667
2003-08-01,170319166666.66666,39993500000.0,44068666666.666664,1.38,-9.21,1.26,-29.21,44.10147,11.892000000000001,,84.11,,7877.0,0.3,0.4,25999083333.333332,,,,,11954.666666666666,-2.8,,,31.26,53241771500.0,14375278305.0,12245607445.0,12245607445.0,,,,28.666666666666668,13455214166.666666,402.2447,,1431.1666666666667
2003-09-01,170319166666.66666,39993500000.0,44068666666.666664,1.38,-9.21,1.26,-29.21,44.10147,11.892000000000001,116.7,86.25,17260.0,9615.0,0.3,0.4,25999083333.333332,,,,,11954.666666666666,-2.8,,,31.26,53241771500.0,14375278305.0,12245607445.0,12245607445.0,,,,28.666666666666668,13455214166.666666,402.2447,,1431.1666666666667
2003-10-01,170319166666.66666,39993500000.0,44068666666.666664,1.38,-9.21,1.26,-29.21,44.10147,11.892000000000001,,99.41,,10261.0,0.3,0.4,25999083333.333332,,,,,11954.666666666666,-2.8,,,31.26,53241771500.0,14375278305.0,12245607445.0,12245607445.0,,,,28.666666666666668,13455214166.666666,402.2447,,1431.1666666666667
2003-11-01,170319166666.66666,39993500000.0,44068666666.666664,1.38,-9.21,1.26,-29.21,44.10147,11.892000000000001,,96.44,,8936.0,0.3,0.4,25999083333.333332,,,,,11954.666666666666,-2.8,,,31.26,53241771500.0,14375278305.0,12245607445.0,12245607445.0,,,,28.666666666666668,13455214166.666666,402.2447,,1431.1666666666667
2003-12-01,170319166666.66666,39993500000.0,44068666666.666664,1.38,-9.21,1.26,-29.21,44.10147,11.892000000000001,119.8,99.28,16433.0,8895.0,0.3,0.4,25999083333.333332,,,,,11954.666666666666,-2.8,,,31.26,53241771500.0,14375278305.0,12245607445.0,12245607445.0,,,,28.666666666666668,13455214166.666666,402.2447,,1431.1666666666667
2004-01-01,200300833333.33334,46898583333.333336,52027333333.333336,1.39,0.72,1.87,48.41,44.91713,11.89,,96.55,,9128.0,0.3,0.4,29451333333.333332,,,,,11449.583333333334,-4.2,,,32.52,65137831000.0,17587214370.0,14981701130.0,14981701130.0,,,,15.75,15823765833.333334,405.3268,,1580.0833333333333
2004-02-01,200300833333.33334,46898583333.333336,52027333333.333336,1.39,0.72,1.87,48.41,44.91713,11.89,,94.52,,8986.0,0.3,0.4,29451333333.333332,,,,,11449.583333333334,-4.2,,,32.52,65137831000.0,17587214370.0,14981701130.0,14981701130.0,,,,15.75,15823765833.333334,405.3268,,1580.0833333333333
2004-03-01,200300833333.33334,46898583333.333336,52027333333.333336,1.39,0.72,1.87,48.41,44.91713,11.89,122.2,88.63,12239.0,8962.0,0.3,0.4,29451333333.333332,,,,,11449.583333333334,-4.2,,,32.52,65137831000.0,17587214370.0,14981701130.0,14981701130.0,,,,15.75,15823765833.333334,405.3268,,1580.0833333333333
2004-04-01,200300833333.33334,46898583333.333336,52027333333.333336,1.39,0.72,1.87,48.41,44.91713,11.89,,88.9,,9225.0,0.3,0.4,29451333333.333332,,,,,11449.583333333334,-4.2,,,32.52,65137831000.0,17587214370.0,14981701130.0,14981701130.0,,,,15.75,15823765833.333334,405.3268,,1580.0833333333333
2004-05-01,200300833333.33334,46898583333.333336,52027333333.333336,1.39,0.72,1.87,48.41,44.91713,11.89,,78.31,,8454.0,0.3,0.4,29451333333.333332,,,,,11449.583333333334,-4.2,,,32.52,65137831000.0,17587214370.0,14981701130.0,14981701130.0,,,,15.75,15823765833.333334,405.3268,,1580.0833333333333
2004-06-01,200300833333.33334,46898583333.333336,52027333333.333336,1.39,0.72,1.87,48.41,44.91713,11.89,124.6,89.42,15452.0,8902.0,0.3,0.4,29451333333.333332,,,,,11449.583333333334,-4.2,,,32.52,65137831000.0,17587214370.0,14981701130.0,14981701130.0,,,,15.75,15823765833.333334,405.3268,,1580.0833333333333
2004-07-01,200300833333.33334,46898583333.333336,52027333333.333336,1.39,0.72,1.87,48.41,44.91713,11.89,,84.27,,8777.0,0.3,0.4,29451333333.333332,,,,,11449.583333333334,-4.2,,,32.52,65137831000.0,17587214370.0,14981701130.0,14981701130.0,,,,15.75,15823765833.333334,405.3268,,1580.0833333333333
2004-08-01,200300833333.33334,46898583333.333336,52027333333.333336,1.39,0.72,1.87,48.41,44.91713,11.89,,67.49,,7978.0,0.3,0.4,29451333333.333332,,,,,11449.583333333334,-4.2,,,32.52,65137831000.0,17587214370.0,14981701130.0,14981701130.0,,,,15.75,15823765833.333334,405.3268,,1580.0833333333333
2004-09-01,200300833333.33334,46898583333.333336,52027333333.333336,1.39,0.72,1.87,48.41,44.91713,11.89,127.4,70.01,14231.0,7531.0,0.3,0.4,29451333333.333332,,,,,11449.583333333334,-4.2,,,32.52,65137831000.0,17587214370.0,14981701130.0,14981701130.0,,,,15.75,15823765833.333334,405.3268,,1580.0833333333333
2004-10-01,200300833333.33334,46898583333.333336,52027333333.333336,1.39,0.72,1.87,48.41,44.91713,11.89,,75.4,,7261.0,0.3,0.4,29451333333.333332,,,,,11449.583333333334,-4.2,,,32.52,65137831000.0,17587214370.0,14981701130.0,14981701130.0,,,,15.75,15823765833.333334,405.3268,,1580.0833333333333
2004-11-01,200300833333.33334,46898583333.333336,52027333333.333336,1.39,0.72,1.87,48.41,44.91713,11.89,,69.99,,5546.0,0.3,0.4,29451333333.333332,,,,,11449.583333333334,-4.2,,,32.52,65137831000.0,17587214370.0,14981701130.0,14981701130.0,,,,15.75,15823765833.333334,405.3268,,1580.0833333333333
2004-12-01,200300833333.33334,46898583333.333336,52027333333.333336,1.39,0.72,1.87,48.41,44.91713,11.89,129.6,72.38,8418.0,8441.0,0.3,0.4,29451333333.333332,,,,,11449.583333333334,-4.2,,,32.52,65137831000.0,17587214370.0,14981701130.0,14981701130.0,,,,15.75,15823765833.333334,405.3268,,1580.0833333333333
2005-01-01,210417500000.0,51974666666.666664,57282583333.333336,2.09,50.36,2.04,9.09,46.1906,11.864,,68.28,,6427.0,0.3,0.4,31374250000.0,,,,,13639.583333333334,19.1,,,35.6,74908630000.0,20225330100.0,17228984900.0,17228984900.0,,,,28.25,16622982500.0,426.5985,,1351.0833333333333
2005-02-01,210417500000.0,51974666666.666664,57282583333.333336,2.09,50.36,2.04,9.09,46.1906,11.864,,65.39,,7026.0,0.3,0.4,31374250000.0,,,,,13639.583333333334,19.1,,,35.6,74908630000.0,20225330100.0,17228984900.0,17228984900.0,,,,28.25,16622982500.0,426.5985,,1351.0833333333333
2005-03-01,210417500000.0,51974666666.666664,57282583333.333336,2.09,50.36,2.04,9.09,46.1906,11.864,130.6,62.81,4564.0,6327.0,0.3,0.4,31374250000.0,,,,,13639.583333333334,19.1,,,35.6,74908630000.0,20225330100.0,17228984900.0,17228984900.0,,,,28.25,16622982500.0,426.5985,,1351.0833333333333
2005-04-01,210417500000.0,51974666666.666664,57282583333.333336,2.09,50.36,2.04,9.09,46.1906,11.864,,62.55,,7344.0,0.3,0.4,31374250000.0,,,,,13639.583333333334,19.1,,,35.6,74908630000.0,20225330100.0,17228984900.0,17228984900.0,,,,28.25,16622982500.0,426.5985,,1351.0833333333333
2005-05-01,210417500000.0,51974666666.666664,57282583333.333336,2.09,50.36,2.04,9.09,46.1906,11.864,,61.25,,7353.0,0.3,0.4,31374250000.0,,,,,13639.583333333334,19.1,,,35.6,74908630000.0,20225330100.0,17228984900.0,17228984900.0,,,,28.25,16622982500.0,426.5985,,1351.0833333333333
2005-06-01,210417500000.0,51974666666.666664,57282583333.333336,2.09,50.36,2.04,9.09,46.1906,11.864,132.5,61.98,10309.0,7256.0,0.3,0.4,31374250000.0,,,90.68429,,13639.583333333334,19.1,,,35.6,74908630000.0,20225330100.0,17228984900.0,17228984900.0,,,,28.25,16622982500.0,426.5985,,1351.0833333333333
2005-07-01,210417500000.0,51974666666.666664,57282583333.333336,2.09,50.36,2.04,9.09,46.1906,11.864,,56.95,,6836.0,0.3,0.4,31374250000.0,,,,,13639.583333333334,19.1,,,35.6,74908630000.0,20225330100.0,17228984900.0,17228984900.0,,,,28.25,16622982500.0,426.5985,,1351.0833333333333
2005-08-01,210417500000.0,51974666666.666664,57282583333.333336,2.09,50.36,2.04,9.09,46.1906,11.864,,54.41,,7420.0,0.3,0.4,31374250000.0,,,,,13639.583333333334,19.1,,,35.6,74908630000.0,20225330100.0,17228984900.0,17228984900.0,,,,28.25,16622982500.0,426.5985,,1351.0833333333333
2005-09-01,210417500000.0,51974666666.666664,57282583333.333336,2.09,50.36,2.04,9.09,46.1906,11.864,133.7,53.16,10627.0,7468.0,0.3,0.4,31374250000.0,,,90.39158,,13639.583333333334,19.1,,,35.6,74908630000.0,20225330100.0,17228984900.0,17228984900.0,,,,28.25,16622982500.0,426.5985,,1351.0833333333333
2005-10-01,210417500000.0,51974666666.666664,57282583333.333336,2.09,50.36,2.04,9.09,46.1906,11.864,,51.45,,7532.0,0.3,0.4,31374250000.0,,,,,13639.583333333334,19.1,,,35.6,74908630000.0,20225330100.0,17228984900.0,17228984900.0,,,,28.25,16622982500.0,426.5985,,1351.0833333333333
2005-11-01,210417500000.0,51974666666.666664,57282583333.333336,2.09,50.36,2.04,9.09,46.1906,11.864,,59.09,,7802.0,0.3,0.4,31374250000.0,,,,,13639.583333333334,19.1,,,35.6,74908630000.0,20225330100.0,17228984900.0,17228984900.0,,,,28.25,16622982500.0,426.5985,,1351.0833333333333
2005-12-01,210417500000.0,51974666666.666664,57282583333.333336,2.09,50.36,2.04,9.09,46.1906,11.864,134.6,63.15,9148.0,8056.0,0.3,0.4,31374250000.0,,,90.65808,,13639.583333333334,19.1,,,35.6,74908630000.0,20225330100.0,17228984900.0,17228984900.0,,,,28.25,16622982500.0,426.5985,,1351.0833333333333
2006-01-01,224762500000.0,60060083333.333336,65328250000.0,2.46,17.7,1.66,-18.63,46.2337,12.368,,58.37,,8209.0,0.3,0.4,34764166666.666664,,2048666.6666666667,,,12727.5,-6.7,,,36.67,82420408750.0,22253510362.5,18956694012.5,18956694012.5,,,,18.5,17756237500.0,417.7941,,1662.5833333333333
2006-02-01,224762500000.0,60060083333.333336,65328250000.0,2.46,17.7,1.66,-18.63,46.2337,12.368,,64.18,,7423.0,0.3,0.4,34764166666.666664,,2048666.6666666667,,,12727.5,-6.7,,,36.67,82420408750.0,22253510362.5,18956694012.5,18956694012.5,,,,18.5,17756237500.0,417.7941,,1662.5833333333333
2006-03-01,224762500000.0,60060083333.333336,65328250000.0,2.46,17.7,1.66,-18.63,46.2337,12.368,135.1,56.36,7400.0,8815.0,0.3,0.4,34764166666.666664,,2048666.6666666667,90.64411,,12727.5,-6.7,,,36.67,82420408750.0,22253510362.5,18956694012.5,18956694012.5,,,,18.5,17756237500.0,417.7941,,1662.5833333333333
2006-04-01,224762500000.0,60060083333.333336,65328250000.0,2.46,17.7,1.66,-18.63,46.2337,12.368,,51.15,,7937.0,0.3,0.4,34764166666.666664,,2048666.6666666667,,,12727.5,-6.7,,,36.67,82420408750.0,22253510362.5,18956694012.5,18956694012.5,,,,18.5,17756237500.0,417.7941,,1662.5833333333333
2006-05-01,224762500000.0,60060083333.333336,65328250000.0,2.46,17.7,1.66,-18.63,46.2337,12.368,,55.11,,9558.0,0.3,0.4,34764166666.666664,,2048666.6666666667,,,12727.5,-6.7,,,36.67,82420408750.0,22253510362.5,18956694012.5,18956694012.5,,,,18.5,17756237500.0,417.7941,,1662.5833333333333
2006-06-01,224762500000.0,60060083333.333336,65328250000.0,2.46,17.7,1.66,-18.63,46.2337,12.368,137.1,46.97,13302.0,8610.0,0.3,0.4,34764166666.666664,,2048666.6666666667,90.62614,,12727.5,-6.7,,,36.67,82420408750.0,22253510362.5,18956694012.5,18956694012.5,,,,18.5,17756237500.0,417.7941,,1662.5833333333333
2006-07-01,224762500000.0,60060083333.333336,65328250000.0,2.46,17.7,1.66,-18.63,46.2337,12.368,,49.02,,9081.0,0.3,0.4,34764166666.666664,,2048666.6666666667,,,12727.5,-6.7,,,36.67,82420408750.0,22253510362.5,18956694012.5,18956694012.5,,,,18.5,17756237500.0,417.7941,,1662.5833333333333
2006-08-01,224762500000.0,60060083333.333336,65328250000.0,2.46,17.7,1.66,-18.63,46.2337,12.368,,48.3,,9297.0,0.3,0.4,34764166666.666664,,2048666.6666666667,,,12727.5,-6.7,,,36.67,82420408750.0,22253510362.5,18956694012.5,18956694012.5,,,,18.5,17756237500.0,417.7941,,1662.5833333333333
2006-09-01,224762500000.0,60060083333.333336,65328250000.0,2.46,17.7,1.66,-18.63,46.2337,12.368,139.9,49.72,15487.0,8719.0,0.3,0.4,34764166666.666664,,2048666.6666666667,90.30709,,12727.5,-6.7,,,36.67,82420408750.0,22253510362.5,18956694012.5,18956694012.5,,,,18.5,17756237500.0,417.7941,,1662.5833333333333
2006-10-01,224762500000.0,60060083333.333336,65328250000.0,2.46,17.7,1.66,-18.63,46.2337,12.368,,38.62,,10268.0,0.3,0.4,34764166666.666664,,2048666.6666666667,,,12727.5,-6.7,,,36.67,82420408750.0,22253510362.5,18956694012.5,18956694012.5,,,,18.5,17756237500.0,417.7941,,1662.5833333333333
2006-11-01,224762500000.0,60060083333.333336,65328250000.0,2.46,17.7,1.66,-18.63,46.2337,12.368,,47.81,,10014.0,0.3,0.4,34764166666.666664,,2048666.6666666667,,,12727.5,-6.7,,,36.67,82420408750.0,22253510362.5,18956694012.5,18956694012.5,,,,18.5,17756237500.0,417.7941,,1662.5833333333333
2006-12-01,224762500000.0,60060083333.333336,65328250000.0,2.46,17.7,1.66,-18.63,46.2337,12.368,141.5,40.19,15192.0,9620.0,0.3,0.4,34764166666.666664,,2048666.6666666667,90.82901,,12727.5,-6.7,,,36.67,82420408750.0,22253510362.5,18956694012.5,18956694012.5,,,,18.5,17756237500.0,417.7941,,1662.5833333333333
2007-01-01,257010000000.0,63914750000.0,69753750000.0,2.39,-2.85,2.89,74.1,46.10402,12.475,,35.32,,9635.0,0.3,0.4,41265333333.333336,4.8694,2048666.6666666667,,,13886.5,9.1,296.4166666666667,865.3333333333334,37.25,95736225000.0,25848780750.0,22019331750.0,22019331750.0,,,,54.583333333333336,20303790000.0,415.5223,1924.5960000000002,1645.4166666666667
2007-02-01,257010000000.0,63914750000.0,69753750000.0,2.39,-2.85,2.89,74.1,46.10402,12.475,,36.43,,8971.0,0.3,0.4,41265333333.333336,4.896,2048666.6666666667,,,13886.5,9.1,296.4166666666667,865.3333333333334,37.25,95736225000.0,25848780750.0,22019331750.0,22019331750.0,,,,54.583333333333336,20303790000.0,415.5223,1924.5960000000002,1645.4166666666667
2007-03-01,257010000000.0,63914750000.0,69753750000.0,2.39,-2.85,2.89,74.1,46.10402,12.475,142.1,45.09,11026.0,8972.0,0.3,0.4,41265333333.333336,4.8194,2048666.6666666667,90.82471,,13886.5,9.1,296.4166666666667,865.3333333333334,37.25,95736225000.0,25848780750.0,22019331750.0,22019331750.0,,,,54.583333333333336,20303790000.0,415.5223,1924.5960000000002,1645.4166666666667
2007-04-01,257010000000.0,63914750000.0,69753750000.0,2.39,-2.85,2.89,74.1,46.10402,12.475,,46.27,,8258.0,0.3,0.4,41265333333.333336,5.0439,2048666.6666666667,,,13886.5,9.1,296.4166666666667,865.3333333333334,37.25,95736225000.0,25848780750.0,22019331750.0,22019331750.0,,,,54.583333333333336,20303790000.0,415.5223,1924.5960000000002,1645.4166666666667
2007-05-01,257010000000.0,63914750000.0,69753750000.0,2.39,-2.85,2.89,74.1,46.10402,12.475,,38.1,,9345.0,0.3,0.4,41265333333.333336,5.1458,2048666.6666666667,,,13886.5,9.1,296.4166666666667,865.3333333333334,37.25,95736225000.0,25848780750.0,22019331750.0,22019331750.0,,,,54.583333333333336,20303790000.0,415.5223,1924.5960000000002,1645.4166666666667
2007-06-01,257010000000.0,63914750000.0,69753750000.0,2.39,-2.85,2.89,74.1,46.10402,12.475,143.7,45.18,13200.0,9202.0,0.3,0.4,41265333333.333336,5.4321,2048666.6666666667,90.7114,,13886.5,9.1,296.4166666666667,865.3333333333334,37.25,95736225000.0,25848780750.0,22019331750.0,22019331750.0,,,,54.583333333333336,20303790000.0,415.5223,1924.5960000000002,1645.4166666666667
2007-07-01,257010000000.0,63914750000.0,69753750000.0,2.39,-2.85,2.89,74.1,46.10402,12.475,,47.28,,9253.0,0.3,0.4,41265333333.333336,5.4084,2048666.6666666667,,,13886.5,9.1,296.4166666666667,865.3333333333334,37.25,95736225000.0,25848780750.0,22019331750.0,22019331750.0,,,,54.583333333333336,20303790000.0,415.5223,1924.5960000000002,1645.4166666666667
2007-08-01,257010000000.0,63914750000.0,69753750000.0,2.39,-2.85,2.89,74.1,46.10402,12.475,,67.72,,9123.0,0.3,0.4,41265333333.333336,5.1499,2048666.6666666667,,,13886.5,9.1,296.4166666666667,865.3333333333334,37.25,95736225000.0,25848780750.0,22019331750.0,22019331750.0,,,,54.583333333333336,20303790000.0,415.5223,1924.5960000000002,1645.4166666666667
2007-09-01,257010000000.0,63914750000.0,69753750000.0,2.39,-2.85,2.89,74.1,46.10402,12.475,145.3,81.27,15244.0,9703.0,0.3,0.4,41265333333.333336,4.9928,2048666.6666666667,90.78023,,13886.5,9.1,296.4166666666667,865.3333333333334,37.25,95736225000.0,25848780750.0,22019331750.0,22019331750.0,,,,54.583333333333336,20303790000.0,415.5223,1924.5960000000002,1645.4166666666667
2007-10-01,257010000000.0,63914750000.0,69753750000.0,2.39,-2.85,2.89,74.1,46.10402,12.475,,97.14,,7687.0,0.3,0.4,41265333333.333336,4.9576,2048666.6666666667,,,13886.5,9.1,296.4166666666667,865.3333333333334,37.25,95736225000.0,25848780750.0,22019331750.0,22019331750.0,,,,54.583333333333336,20303790000.0,415.5223,1924.5960000000002,1645.4166666666667
2007-11-01,257010000000.0,63914750000.0,69753750000.0,2.39,-2.85,2.89,74.1,46.10402,12.475,,114.79,,7320.0,0.3,0.4,41265333333.333336,4.7263,2048666.6666666667,,,13886.5,9.1,296.4166666666667,865.3333333333334,37.25,95736225000.0,25848780750.0,22019331750.0,22019331750.0,,,,54.583333333333336,20303790000.0,415.5223,1924.5960000000002,1645.4166666666667
2007-12-01,257010000000.0,63914750000.0,69753750000.0,2.39,-2.85,2.89,74.1,46.10402,12.475,145.5,129.49,6717.0,6860.0,0.3,0.4,41265333333.333336,4.6937,2048666.6666666667,90.79172,,13886.5,9.1,296.4166666666667,865.3333333333334,37.25,95736225000.0,25848780750.0,22019331750.0,22019331750.0,,,,54.583333333333336,20303790000.0,415.5223,1924.5960000000002,1645.4166666666667
2008-01-01,242003333333.33334,64708500000.0,70682916666.66667,3.52,47.28,1.78,-38.41,50.096509999999995,11.776,,135.12,,6345.0,0.3,0.4,35551750000.0,4.4925,2060416.6666666667,,,13482.333333333334,-2.9,,,38.86,94042495333.33333,25391473740.0,21629773926.666668,21629773926.666668,,,,51.833333333333336,19118263333.333332,397.5789,,1718.6666666666667
2008-02-01,242003333333.33334,64708500000.0,70682916666.66667,3.52,47.28,1.78,-38.41,50.096509999999995,11.776,,127.31,,6036.0,0.3,0.4,35551750000.0,4.6234,2060416.6666666667,,,13482.333333333334,-2.9,,,38.86,94042495333.33333,25391473740.0,21629773926.666668,21629773926.666668,,,,51.833333333333336,19118263333.333332,397.5789,,1718.6666666666667
2008-03-01,242003333333.33334,64708500000.0,70682916666.66667,3.52,47.28,1.78,-38.41,50.096509999999995,11.776,146.6,150.12,2236.0,5677.0,0.3,0.4,35551750000.0,4.445,2060416.6666666667,90.36823000000001,,13482.333333333334,-2.9,,,38.86,94042495333.33333,25391473740.0,21629773926.666668,21629773926.666668,,,,51.833333333333336,19118263333.333332,397.5789,,1718.6666666666667
2008-04-01,242003333333.33334,64708500000.0,70682916666.66667,3.52,47.28,1.78,-38.41,50.096509999999995,11.776,,167.5,,4700.0,0.3,0.4,35551750000.0,4.6432,2060416.6666666667,,,13482.333333333334,-2.9,,,38.86,94042495333.33333,25391473740.0,21629773926.666668,21629773926.666668,,,,51.833333333333336,19118263333.333332,397.5789,,1718.6666666666667
2008-05-01,242003333333.33334,64708500000.0,70682916666.66667,3.52,47.28,1.78,-38.41,50.096509999999995,11.776,,160.11,,3720.0,0.3,0.4,35551750000.0,4.8683,2060416.6666666667,,,13482.333333333334,-2.9,,,38.86,94042495333.33333,25391473740.0,21629773926.666668,21629773926.666668,,,,51.833333333333336,19118263333.333332,397.5789,,1718.6666666666667
2008-06-01,242003333333.33334,64708500000.0,70682916666.66667,3.52,47.28,1.78,-38.41,50.096509999999995,11.776,146.8,149.4,-2473.0,2712.0,0.3,0.4,35551750000.0,5.2103,2060416.6666666667,89.76945,,13482.333333333334,-2.9,,,38.86,94042495333.33333,25391473740.0,21629773926.666668,21629773926.666668,,,,51.833333333333336,19118263333.333332,397.5789,,1718.6666666666667
2008-07-01,242003333333.33334,64708500000.0,70682916666.66667,3.52,47.28,1.78,-38.41,50.096509999999995,11.776,,140.98,,3120.0,0.3,0.4,35551750000.0,5.0494,2060416.6666666667,,,13482.333333333334,-2.9,,,38.86,94042495333.33333,25391473740.0,21629773926.666668,21629773926.666668,,,,51.833333333333336,19118263333.333332,397.5789,,1718.6666666666667
2008-08-01,242003333333.33334,64708500000.0,70682916666.66667,3.52,47.28,1.78,-38.41,50.096509999999995,11.776,,137.11,,124.0,0.3,0.4,35551750000.0,4.7267,2060416.6666666667,,,13482.333333333334,-2.9,,,38.86,94042495333.33333,25391473740.0,21629773926.666668,21629773926.666668,,,,51.833333333333336,19118263333.333332,397.5789,,1718.6666666666667
2008-09-01,242003333333.33334,64708500000.0,70682916666.66667,3.52,47.28,1.78,-38.41,50.096509999999995,11.776,146.8,138.05,-6337.0,1220.0,0.3,0.4,35551750000.0,4.5701,2060416.6666666667,87.63492,,13482.333333333334,-2.9,,,38.86,94042495333.33333,25391473740.0,21629773926.666668,21629773926.666668,,,,51.833333333333336,19118263333.333332,397.5789,,1718.6666666666667
2008-10-01,242003333333.33334,64708500000.0,70682916666.66667,3.52,47.28,1.78,-38.41,50.096509999999995,11.776,,219.23,,307.0,0.3,0.4,35551750000.0,4.5789,2060416.6666666667,,,13482.333333333334,-2.9,,,38.86,94042495333.33333,25391473740.0,21629773926.666668,21629773926.666668,4.25,,,51.833333333333336,19118263333.333332,397.5789,,1718.6666666666667
2008-11-01,242003333333.33334,64708500000.0,70682916666.66667,3.52,47.28,1.78,-38.41,50.096509999999995,11.776,,260.6,,483.0,0.3,0.4,35551750000.0,4.2571,2060416.6666666667,,,13482.333333333334,-2.9,,,38.86,94042495333.33333,25391473740.0,21629773926.666668,21629773926.666668,2.75,,,51.833333333333336,19118263333.333332,397.5789,,1718.6666666666667
2008-12-01,242003333333.33334,64708500000.0,70682916666.66667,3.52,47.28,1.78,-38.41,50.096509999999995,11.776,145.6,312.4,-9778.0,971.0,0.3,0.4,35551750000.0,3.6238,2060416.6666666667,86.95358,,13482.333333333334,-2.9,,,38.86,94042495333.33333,25391473740.0,21629773926.666668,21629773926.666668,1.75,,,51.833333333333336,19118263333.333332,397.5789,,1718.6666666666667
2009-01-01,199565833333.33334,52191250000.0,55868500000.0,1.96,-44.32,-0.96,-153.93,53.3387,12.17,,316.3,,358.0,0.28,0.4,25458166666.666668,3.6699,2060416.6666666667,,1891166666.6666667,11265.583333333334,-16.4,336.4166666666667,870.1666666666666,49.14,98066650500.0,26477995635.0,22555329615.0,22555329615.0,1.25,,,27.083333333333332,15765700833.333334,409.8151,1924.6105,961.5833333333334
2009-02-01,199565833333.33334,52191250000.0,55868500000.0,1.96,-44.32,-0.96,-153.93,53.3387,12.17,,341.38,,942.0,0.28,0.4,25458166666.666668,3.6899,2060416.6666666667,,1891166666.6666667,11265.583333333334,-16.4,336.4166666666667,870.1666666666666,49.14,98066650500.0,26477995635.0,22555329615.0,22555329615.0,0.75,,,27.083333333333332,15765700833.333334,409.8151,1924.6105,961.5833333333334
2009-03-01,199565833333.33334,52191250000.0,55868500000.0,1.96,-44.32,-0.96,-153.93,53.3387,12.17,144.8,343.26,-9482.0,385.0,0.28,0.4,25458166666.666668,3.2497,2060416.6666666667,83.24837,1891166666.6666667,11265.583333333334,-16.4,336.4166666666667,870.1666666666666,49.14,98066650500.0,26477995635.0,22555329615.0,22555329615.0,0.0,,,27.083333333333332,15765700833.333334,409.8151,1924.6105,961.5833333333334
2009-04-01,199565833333.33334,52191250000.0,55868500000.0,1.96,-44.32,-0.96,-153.93,53.3387,12.17,,329.7,,755.0,0.28,0.4,25458166666.666668,3.4072,2060416.6666666667,,1891166666.6666667,11265.583333333334,-16.4,336.4166666666667,870.1666666666666,49.14,98066650500.0,26477995635.0,22555329615.0,22555329615.0,0.0,,,27.083333333333332,15765700833.333334,409.8151,1924.6105,961.5833333333334
2009-05-01,199565833333.33334,52191250000.0,55868500000.0,1.96,-44.32,-0.96,-153.93,53.3387,12.17,,322.33,,235.0,0.28,0.4,25458166666.666668,3.6206,2060416.6666666667,,1891166666.6666667,11265.583333333334,-16.4,336.4166666666667,870.1666666666666,49.14,98066650500.0,26477995635.0,22555329615.0,22555329615.0,0.0,,,27.083333333333332,15765700833.333334,409.8151,1924.6105,961.5833333333334
2009-06-01,199565833333.33334,52191250000.0,55868500000.0,1.96,-44.32,-0.96,-153.93,53.3387,12.17,143.7,331.85,-8450.0,405.0,0.28,0.4,25458166666.666668,3.7221,2060416.6666666667,81.84522,1891166666.6666667,11265.583333333334,-16.4,336.4166666666667,870.1666666666666,49.14,98066650500.0,26477995635.0,22555329615.0,22555329615.0,0.0,,,27.083333333333332,15765700833.333334,409.8151,1924.6105,961.5833333333334
2009-07-01,199565833333.33334,52191250000.0,55868500000.0,1.96,-44.32,-0.96,-153.93,53.3387,12.17,,320.89,,147.0,0.28,0.4,25458166666.666668,3.8238,2060416.6666666667,,1891166666.6666667,11265.583333333334,-16.4,336.4166666666667,870.1666666666666,49.14,98066650500.0,26477995635.0,22555329615.0,22555329615.0,0.0,,,27.083333333333332,15765700833.333334,409.8151,1924.6105,961.5833333333334
2009-08-01,199565833333.33334,52191250000.0,55868500000.0,1.96,-44.32,-0.96,-153.93,53.3387,12.17,,317.54,,834.0,0.28,0.4,25458166666.666668,3.7142,2060416.6666666667,,1891166666.6666667,11265.583333333334,-16.4,336.4166666666667,870.1666666666666,49.14,98066650500.0,26477995635.0,22555329615.0,22555329615.0,0.0,,,27.083333333333332,15765700833.333334,409.8151,1924.6105,961.5833333333334
2009-09-01,199565833333.33334,52191250000.0,55868500000.0,1.96,-44.32,-0.96,-153.93,53.3387,12.17,142.6,328.47,-6251.0,1167.0,0.28,0.4,25458166666.666668,3.6566,2060416.6666666667,81.58821999999999,1891166666.6666667,11265.583333333334,-16.4,336.4166666666667,870.1666666666666,49.14,98066650500.0,26477995635.0,22555329615.0,22555329615.0,0.0,,,27.083333333333332,15765700833.333334,409.8151,1924.6105,961.5833333333334
2009-10-01,199565833333.33334,52191250000.0,55868500000.0,1.96,-44.32,-0.96,-153.93,53.3387,12.17,,334.1,,938.0,0.28,0.4,25458166666.666668,3.5699,2060416.6666666667,,1891166666.6666667,11265.583333333334,-16.4,336.4166666666667,870.1666666666666,49.14,98066650500.0,26477995635.0,22555329615.0,22555329615.0,0.0,,,27.083333333333332,15765700833.333334,409.8151,1924.6105,961.5833333333334
2009-11-01,199565833333.33334,52191250000.0,55868500000.0,1.96,-44.32,-0.96,-153.93,53.3387,12.17,,333.12,,1517.0,0.28,0.4,25458166666.666668,3.7592,2060416.6666666667,,1891166666.6666667,11265.583333333334,-16.4,336.4166666666667,870.1666666666666,49.14,98066650500.0,26477995635.0,22555329615.0,22555329615.0,0.0,,,27.083333333333332,15765700833.333334,409.8151,1924.6105,961.5833333333334
2009-12-01,199565833333.33334,52191250000.0,55868500000.0,1.96,-44.32,-0.96,-153.93,53.3387,12.17,141.8,338.09,-5511.0,1084.0,0.28,0.4,25458166666.666668,3.8871,2060416.6666666667,81.77637,1891166666.6666667,11265.583333333334,-16.4,336.4166666666667,870.1666666666666,49.14,98066650500.0,26477995635.0,22555329615.0,22555329615.0,0.0,,,27.083333333333332,15765700833.333334,409.8151,1924.6105,961.5833333333334
2010-01-01,204408333333.33334,57568666666.666664,62088750000.0,2.49,27.04,-1.02,6.25,53.44809,12.014000000000001,,324.11,,1101.0,0.28,0.5,27765833333.333332,4.0025,2019000.0,,1903250000.0,11896.75,5.6,,,65.47,133826135833.33333,36133056675.0,30780011241.666668,30780011241.666668,0.0,8067.0,,30.25,16148258333.333334,421.838,,682.1666666666666
2010-02-01,204408333333.33334,57568666666.666664,62088750000.0,2.49,27.04,-1.02,6.25,53.44809,12.014000000000001,,334.19,,1036.0,0.28,0.5,27765833333.333332,4.0624,2019000.0,,1903250000.0,11896.75,5.6,,,65.47,133826135833.33333,36133056675.0,30780011241.666668,30780011241.666668,0.0,5348.0,,30.25,16148258333.333334,421.838,,682.1666666666666
2010-03-01,204408333333.33334,57568666666.666664,62088750000.0,2.49,27.04,-1.02,6.25,53.44809,12.014000000000001,141.5,343.24,-7819.0,422.0,0.28,0.5,27765833333.333332,4.0915,2019000.0,81.9234,1903250000.0,11896.75,5.6,,,65.47,133826135833.33333,36133056675.0,30780011241.666668,30780011241.666668,0.0,4221.0,,30.25,16148258333.333334,421.838,,682.1666666666666
2010-04-01,204408333333.33334,57568666666.666664,62088750000.0,2.49,27.04,-1.02,6.25,53.44809,12.014000000000001,,342.04,,131.0,0.28,0.5,27765833333.333332,4.1007,2019000.0,,1903250000.0,11896.75,5.6,,,65.47,133826135833.33333,36133056675.0,30780011241.666668,30780011241.666668,0.0,5049.0,,30.25,16148258333.333334,421.838,,682.1666666666666
2010-05-01,204408333333.33334,57568666666.666664,62088750000.0,2.49,27.04,-1.02,6.25,53.44809,12.014000000000001,,343.1,,793.0,0.28,0.5,27765833333.333332,3.7772,2019000.0,,1903250000.0,11896.75,5.6,,,65.47,133826135833.33333,36133056675.0,30780011241.666668,30780011241.666668,0.0,414.0,,30.25,16148258333.333334,421.838,,682.1666666666666
2010-06-01,204408333333.33334,57568666666.666664,62088750000.0,2.49,27.04,-1.02,6.25,53.44809,12.014000000000001,140.5,344.86,-9018.0,646.0,0.28,0.5,27765833333.333332,3.6007,2019000.0,82.45657,1903250000.0,11896.75,5.6,,,65.47,133826135833.33333,36133056675.0,30780011241.666668,30780011241.666668,0.0,6853.0,,30.25,16148258333.333334,421.838,,682.1666666666666
2010-07-01,204408333333.33334,57568666666.666664,62088750000.0,2.49,27.04,-1.02,6.25,53.44809,12.014000000000001,,349.61,,-183.0,0.28,0.5,27765833333.333332,3.5087,2019000.0,,1903250000.0,11896.75,5.6,,,65.47,133826135833.33333,36133056675.0,30780011241.666668,30780011241.666668,0.0,2197.0,,30.25,16148258333.333334,421.838,,682.1666666666666
2010-08-01,204408333333.33334,57568666666.666664,62088750000.0,2.49,27.04,-1.02,6.25,53.44809,12.014000000000001,,342.38,,1421.0,0.28,0.5,27765833333.333332,3.233,2019000.0,,1903250000.0,11896.75,5.6,,,65.47,133826135833.33333,36133056675.0,30780011241.666668,30780011241.666668,0.0,-469.0,,30.25,16148258333.333334,421.838,,682.1666666666666
2010-09-01,204408333333.33334,57568666666.666664,62088750000.0,2.49,27.04,-1.02,6.25,53.44809,12.014000000000001,140.3,345.53,-8685.0,288.0,0.28,0.5,27765833333.333332,3.1271,2019000.0,82.17753,1903250000.0,11896.75,5.6,,,65.47,133826135833.33333,36133056675.0,30780011241.666668,30780011241.666668,0.0,-2606.0,,30.25,16148258333.333334,421.838,,682.1666666666666
2010-10-01,204408333333.33334,57568666666.666664,62088750000.0,2.49,27.04,-1.02,6.25,53.44809,12.014000000000001,,338.69,,619.0,0.28,0.5,27765833333.333332,3.0685,2019000.0,,1903250000.0,11896.75,5.6,,,65.47,133826135833.33333,36133056675.0,30780011241.666668,30780011241.666668,0.0,1902.0,,30.25,16148258333.333334,421.838,,682.1666666666666
2010-11-01,204408333333.33334,57568666666.666664,62088750000.0,2.49,27.04,-1.02,6.25,53.44809,12.014000000000001,,329.65,,538.0,0.28,0.5,27765833333.333332,3.3110000000000004,2019000.0,,1903250000.0,11896.75,5.6,,,65.47,133826135833.33333,36133056675.0,30780011241.666668,30780011241.666668,0.0,8349.0,,30.25,16148258333.333334,421.838,,682.1666666666666
2010-12-01,204408333333.33334,57568666666.666664,62088750000.0,2.49,27.04,-1.02,6.25,53.44809,12.014000000000001,139.7,319.1,-10197.0,-308.0,0.28,0.5,27765833333.333332,3.6098,2019000.0,82.44919,1903250000.0,11896.75,5.6,,,65.47,133826135833.33333,36133056675.0,30780011241.666668,30780011241.666668,0.0,3348.0,,30.25,16148258333.333334,421.838,,682.1666666666666
